x1,x2,x3,y
-0.028303541300451984,-1.0,-0.7189662271589867,-4.398373791943124
0.28641936552319236,1.0,0.9958701977868956,11.039183650579345
-0.5768290779347569,-0.7448274910980779,-0.45642327240491354,2.496120642187123
-0.6109531703333708,0.603532461901154,0.0166689304830292,-2.5890402179874026
1.0,0.4710951503253613,-1.0,11.934310496349427
0.3519989664949019,0.29521201017570253,0.20948560872473299,1.583037045354117
0.3792898835953471,1.0,-0.5226648373515539,10.614292493379816
-0.7579729042142913,-0.37222963155752775,1.0,3.540757531934975
-0.8177782666898601,0.24100464921109577,0.2868949720053309,-3.9050199180942173
0.24589322719013307,-0.24304277563439158,-0.6651943337713664,0.28518490530441243
-0.048216349560914695,-1.0,0.6838878277428173,-0.5778044246929299
-1.0,0.6527753350387635,-0.19293067301451772,-0.23768879830952047
-0.7903612517481853,0.20003645446306728,-1.0,4.538379732597273
-1.0,0.12474578411740733,-0.4755774598094016,-2.0441581108303373
1.0,0.19260430549954521,-1.0,9.360210408996712
0.2574690826017907,0.8810173072295411,-1.0,-1.1609120907541723
0.38271946242703114,-1.0,0.14440993219285736,0.9180079915323474
0.26698985072793713,-1.0,0.4141622712386517,1.1120572612925868
-1.0,1.0,-0.31292517654802876,10.69682307537633
0.7777696712465207,-0.6751974301022718,0.0959980506307665,0.8656988853296356
-0.30630663267510205,0.6759021066619533,-0.2041316325625815,-0.6909970541125358
-0.050713734081829775,-0.4175250302081517,1.0,-1.0115894090562978
1.0,-0.03333655752338416,1.0,12.460826242086801
-0.9674775341057504,0.9476529071027804,0.1700951940450115,2.5929127753841987
-0.06313389209680986,-0.22710079313185583,0.47729878477490484,0.7123591633397204
-0.7680678212456782,-0.24422034515454305,0.6226872361457003,-0.7871883076272003
1.0,-1.0,-1.0,-30.349992418752834
-0.01769402755497218,0.17770815419027897,0.785732032793901,0.49165057051656513
0.1378267178390069,-0.6681912972866784,0.6554978233932536,0.5634319071666094
1.0,-0.7908221679832703,-0.32150960494364944,0.9457064358912812
-1.0,0.5001544076895321,-1.0,17.231288504948964
0.1475902565244287,-1.0,-0.7177713435506803,-5.7692549794945975
-0.08513789438778518,-0.5130355738588166,-0.11283610424385815,0.9130748024706016
0.3410247823757262,-0.6101654287530924,-1.0,-7.3657905411786775
0.07613068945320078,-1.0,0.19045891457198194,2.1826769356559494
1.0,1.0,-0.8148987495567313,30.00321147426982
0.5626861822807836,-0.7842017361296252,1.0,-3.986768789476065
-0.32100425144673306,-1.0,-0.6727526940962125,-2.8188356623122606
1.0,-1.0,-0.05704351148488285,-8.002298547081244
-0.8560435674110909,0.34537829603774584,0.19681884066776156,-2.983887947109664
0.553652639410098,-0.9312198156464762,-0.3488199731726189,-0.2099068792665803
0.6832153712149089,-0.1643516903454414,-0.6256939455734682,1.3163854969722406
0.6227573257875256,0.10242808037549911,-0.37980673324656467,1.188868713027531
0.04559182092744862,0.4082706975502748,0.05095522809731623,0.2912569931135459
-1.0,1.0,0.29496486944922706,4.3642937510546345
-0.9493246921193064,0.3441091592493737,0.7667054935980684,-2.950444748335926
0.1164263718271139,0.5268596199555939,0.603470837710548,1.066416596382946
-0.29262144977496063,0.019096788569664902,1.0,0.5300990909196737
-0.1625812460427012,0.3737115395263211,0.8822074785064846,1.5790103245148561
0.09339600590942831,-0.01118289153926244,-1.0,-2.932118061021343
-0.5903818121834006,0.4294138859392671,-0.30984486487876217,-2.617153043870501
0.6859315353040938,0.9976310800030639,-0.07461750709420656,8.879419507139191
-0.8884203386416236,1.0,-0.8161578923975694,5.96489027264292
1.0,-1.0,-0.9544613952248235,-25.43876374425318
0.2623562558708503,0.8338517640194316,-0.5961942597689041,3.017526692519948
-1.0,-0.5110405267590847,-0.317171291060508,-0.9301783451299643
0.17724816162013624,1.0,0.5138723773324287,7.374622085461505
-0.9361945342216074,-1.0,0.6140564932351635,11.629352821388682
0.7350610307513308,0.7407043809279641,-0.6807702127545667,2.9617556149328426
-0.9578154862158581,0.5400606690432732,-1.0,14.295955181117296
-0.15191613289436856,-0.578042535434917,-0.3005958300354432,1.4418702829797354
1.0,-0.37506878045295755,0.22418965998133467,4.053029432578465
0.5185058080638338,-0.530538438009944,0.23840515157940323,1.0369245685863577
0.8890314039581366,0.6749869555897898,0.09165147024461695,4.548596954811304
-0.785385602173879,0.7129920707050914,-0.0565443130741079,-1.7853629656528085
-1.0,1.0,1.0,17.525609443238043
-0.15178162932666428,0.5232839469102142,0.2010590082856738,0.3373700442669147
0.5328822093361496,-0.47127160754332964,-1.0,-5.781690952058076
0.11031140789398286,-0.4675343914519381,0.036354907201761044,1.048155866404618
-0.3758241408410121,-1.0,-0.2755743452954953,2.926558877064352
1.0,-1.0,0.037003791023266785,-8.216749199618532
-0.9806968866729655,0.9034418458070916,-0.05388826884565945,3.908220531797742
-0.5505848214961864,0.25694208379931305,-0.2990618993986971,-0.48317409211481466
-0.963371340332317,-0.8011776297434825,0.7403674483033624,9.135009467008443
1.0,0.10203371398655836,0.4422444799512115,6.646822336267822
0.28206141694426146,0.2814005319306896,1.0,1.5445362568173406
-0.8562353580093183,1.0,-0.972010485483054,6.1859241861385
0.09296414596040892,-0.7917503393991492,-1.0,-9.669519566460318
-0.5320666552849331,-0.13631836156418475,0.7122464399460209,0.2766176573967258
0.4551208463696399,-0.3419460444202911,-1.0,-4.223579189346554
-0.3866944901229685,-0.4931265224669925,1.0,-0.10960310740916623
-0.747058080849859,0.41856765502416526,-0.15812189651292496,-2.9183464980367093
0.1866550473450499,0.5942233935141581,0.5808801420686911,0.9134529782199543
0.36405285890691164,-1.0,-0.5778731958492027,-2.434828599682512
1.0,0.33652740785692514,0.08446557145248157,5.769153358473822
1.0,0.8104108007254549,0.0007150784023173262,8.45054903729751
-1.0,-1.0,0.7081876733929404,14.872575366385297
0.2475925902498337,-0.8426714622690441,0.18428871482445008,1.396671778480712
0.1797012395812163,0.2795329866160152,-1.0,-3.0120507449497054
0.4303735322357791,-1.0,-1.0,-21.47558141761127
0.7917670750237944,-0.7965840650984708,-0.37259404491877635,0.1422775647125658
-0.13358744717593551,-0.6687379834101974,0.7022415701505991,-0.2722241468496352
0.15135730504915212,-1.0,-0.3357393248234062,1.3193925725547708
0.41996526993437144,0.2901194900849433,-0.4546587564790623,1.2768266305230664
0.2938187631019751,1.0,-0.3956185275470454,10.862739738256103
-0.7258529330759795,-0.1275909896010572,0.7347926227324408,0.7071117825702031
0.411087982804325,0.43092478665882084,0.038881461663610395,0.5603871504638884
-0.7312355570146958,-1.0,0.26932178153761455,6.50944527249999
-0.5136078511367981,1.0,-0.784855317351761,3.42669928711105
0.7187382354983005,-0.24194733892240916,-0.3636589148193965,1.9677307963981043
-0.9169345201302768,-0.7280331467404519,1.0,9.470242376078446
-0.7574061935566099,-0.14727500186532838,-0.7618994476490981,1.4119299701444907
1.0,0.36064630894421557,0.23922789229988406,7.367702296142873
0.4458594405192222,0.08525497019950357,0.5017604442466506,0.8881833786392221
0.1760181513813981,-0.5647099173273376,0.9392151158736957,-2.0608303692456285
-1.0,-0.5981998208695714,1.0,11.257752771297127
1.0,0.45282104223614006,1.0,22.162514554629414
-0.5995882604007321,-1.0,1.0,-0.48056028036873705
-1.0,-1.0,-1.0,3.2327624010518283
1.0,-0.5855485130506994,1.0,3.4616353130948148
-0.03601495787308151,0.004097796589408453,-0.5019465212698289,0.43045798015249276
-0.494307593483867,-0.4517713079468064,0.8643340721716017,1.0610034676122204
-0.43259727089058986,1.0,-0.535727993785265,6.995634929724166
0.019598584357928273,0.4008927003068614,-1.0,-3.701945974841529
0.7382392054373197,-0.5460004962682639,-0.26904402443887276,1.3786357347732074
-0.48746975631490264,-0.876454084563465,-0.2592609431272257,2.4285241773551007
-0.04777095853722546,-0.5192548211048054,-0.8736294411103656,-2.5673039340036086
0.38796250318930126,1.0,-1.0,6.25862440305336
1.0,-0.060545063099967766,-0.7348022266456242,5.729867110414233
-0.4833785526856509,1.0,-0.3543557118805949,6.208869721650662
0.29367408260784567,-1.0,-0.5143815397303364,-1.0800298464471334
0.9602885855495626,-0.11764832669614722,0.4394176018298819,5.548492117648236
-0.7879014120135379,0.6785693082985123,0.08699432414265074,-2.66795954082041
-0.4205363643729756,-1.0,-0.7879142744211163,-4.913015471571992
-0.2561035404217238,0.7124458618116538,0.42083734830963926,0.9634079085965639
-0.9028404537842973,-0.9086760324939451,0.6201254458370087,8.389816886747006
-1.0,-0.34605092838220686,-0.0507005849104849,-2.349381131671943
0.08900569313243412,0.2526996668560275,1.0,1.2857204668198623
-1.0,0.23604715520055142,-0.3193733532484009,-2.641298293692889
0.3957866331761031,0.25441783539097695,0.9219610686507267,0.6634614669506401
1.0,-0.24889382089888779,0.5608916764981093,5.884335996871482
1.0,1.0,-0.33453641359851627,17.239446350178955
-1.0,-1.0,0.936939332913802,20.564973105958284
0.6660929091680239,-0.019873141083128987,-0.6722743506987123,1.9349206905386602
0.9484159058551609,0.9277755340889369,0.9706759977291466,21.35749152010508
-0.2312362584341987,-0.7763269517762625,-0.863481594269587,-3.689316517876063
-1.0,-1.0,0.6147447213985802,14.766030007052121
0.6236865611050251,0.13301068210560718,-0.030147082191802177,1.6310699247240168
-0.793316239862607,0.1692236649607619,0.07002877427658638,-2.4242965389625866
-0.14431991657903587,-0.08466696589725675,0.5980611052537999,0.4422184314962554
1.0,-0.32088750139728517,0.99089435888569,7.170047621872777
0.15633436094918052,-0.9332298123820282,0.3099093251114091,1.6466156653496404
-0.15379402313895163,-1.0,-0.1459814223051774,2.441053095246084
-0.23251118827086792,0.4236999493124223,-0.05047769577232053,-0.223411487415736
-0.043522812513274944,-1.0,0.4542982064372598,0.4009434426188162
-0.6277272858464089,0.9772137953463913,0.6178263396708135,5.144766574107795
1.0,-0.1551533176290889,0.5741650281678448,6.436219011440775
-1.0,-0.6246666621390768,0.45818126273129467,1.6749681642211378
1.0,-0.18938884367565634,1.0,8.863506667898715
-1.0,-1.0,0.6317574213092279,14.624917967100995
1.0,-0.4623791752780071,-0.3064534818962963,3.548270187371677
0.7389616781028321,1.0,-1.0,12.759347559338496
0.9601072920461455,0.02932143767190243,-0.4692801696731075,2.8565063366243777
-0.4976760113153129,-0.4831992572338253,-1.0,-2.5720673578074025
0.6546524401708229,-0.10154036312531112,-0.6818148114307212,2.00598169331688
0.04836170677270024,0.5931759460167989,0.32510376094323634,1.1342051077332114
-0.1940784361769159,-0.2849144186843078,-1.0,-3.5552327608490075
0.7748041686898544,-0.09285330642149558,1.0,2.203703988758444
0.6677626824606027,-1.0,-0.2165380292376633,-2.582804442863325
0.9915078553890335,0.7231875859902848,0.6880805752290113,13.826387887888131
-1.0,-0.9559423472147517,-1.0,3.386085971808177
1.0,0.648087078104324,-1.0,15.607370848114899
-0.3656313962665467,1.0,0.4258102866481601,6.91442224827558
-0.7687819161394924,-1.0,-0.20567267149308655,5.783729999629672
1.0,-1.0,-0.34763146259561406,-9.54288840177455
0.1864375297115819,0.45428814221877634,-1.0,-4.548838417044111
-0.14801412463027663,-0.44118968947605786,-1.0,-4.020367762809113
0.022711778875089017,1.0,0.3865452874137947,7.999442833162664
-0.7634039520934162,-0.08068134491553947,0.11919929861264356,-1.300111866248153
-0.49117468358614014,0.34670416923859526,-0.8843489012889301,-0.8953136349559049
0.28087077938022675,1.0,0.2405123883133926,7.009956153572917
1.0,-1.0,-1.0,-29.2508934596806
0.3338119827733359,0.7638724005292743,0.6303631324014667,3.663036418664592
-0.31130097206882623,0.31827023697114987,0.4317645633319569,-0.9830858149917543
-0.7910296672158601,0.871918196523755,1.0,11.974290018552662
-0.787831066283283,0.9650094957140543,1.0,14.249377454190189
-1.0,0.18541655128524148,1.0,1.9384966755097262
-0.8843151827342812,-1.0,-0.384083006948446,6.488448272473518
-0.13968749958820603,0.8983042134048922,0.20318142259328043,3.224882181489091
0.9547825374711931,1.0,-0.23923884928217953,13.95637668484656
-0.165793913202662,-0.1562629633144086,0.44847944379635885,0.30326450171513164
0.07457535633767653,1.0,1.0,12.23808068804916
0.6155216478294774,0.7612056344967761,-1.0,-0.5040093395825951
0.18198741039884392,0.057606334977757356,-0.7933106098208955,0.4160472472791622
1.0,1.0,1.0,26.642748572533204
0.12480064112975842,-0.7739307212321072,-0.48393028696650586,0.9836449948948592
0.34044068993471743,0.5020810356298524,0.971438384195227,3.0038993145198636
0.6724018116550565,-0.2670937962699531,-0.38751151555136176,1.5076537776470755
-1.0,-1.0,-0.5756181937418763,4.3734806504002846
0.2293989467167592,0.34078433807137065,-0.6025941411772984,0.5738308041748672
0.40498285723699934,-1.0,-1.0,-21.287584942935773
-0.4294892963490995,-1.0,-0.1112538472300455,3.4921883322400946
0.656050265971232,-1.0,0.5750323522078038,-1.9817363717153453
-0.15530284962115104,0.5552386751171545,-0.7845726738287404,-0.41429949592058257
0.5878739815032801,-0.20724834828939942,0.906484626479338,0.4315087204735205
0.5875328165006122,0.7025171589039889,-0.07597347880709582,1.9624003981513118
-0.3033460573830131,1.0,-0.7305403955169238,5.942946715521973
0.7281597652178338,0.45149411963315567,0.501568661423343,2.8935912560151094
0.7010717480208923,-0.8754041882509238,0.44954442870769173,-0.4100781926664351
0.5189630118636619,-0.06188186474148227,-0.4942721737041951,1.183577351045478
0.2954186956359137,0.38621161821340677,1.0,2.2482909131795106
0.7012711588503939,-0.3500940923873357,-0.004798295951839782,1.4384069493944862
-0.2916440857933764,-0.7523287513795971,0.6179090268304868,1.1992162501130625
0.40263404924554735,-0.7510357185483314,1.0,-4.10513452672007
-0.420885513822427,-0.2021500956964466,0.4531354351525294,0.002961490739945404
-0.4054969149757397,-1.0,-0.9196958614980708,-9.64147349933866
-0.5210991473642166,0.516911485901449,-1.0,-2.1731582723400416
0.45053483102566894,-0.2982933682887059,-1.0,-4.309154826077985
-0.3431995974695161,-0.6661412108488542,-1.0,-5.573983880404016
0.07492927735119759,0.6449978528762916,-0.32857816971549814,0.12108298732245881
0.22953685730829365,-0.909587331449119,0.0576466497638608,2.2321603346424554
-0.9183922077543056,0.9859450670296706,-0.9557118120117536,9.99652958580365
0.6490475559214552,1.0,1.0,11.572691658537607
0.4323556325326139,-1.0,0.22457595022636334,-0.021617612133206288
-0.21896853635123548,0.08080192880470927,-1.0,-3.2835742163859605
-0.18728212833875246,0.16095033189328722,1.0,0.743048884478246
-0.3335213983100265,-1.0,-0.3739904907879166,1.9253509551304344
-0.8103365192159715,-0.1435293613004207,0.5074794884688143,-1.2267238472934017
-0.061698094658510394,-0.6566227893140404,-1.0,-8.232686641154007
-0.1913515874934828,0.3310417365782674,-0.15142108725782455,0.3190694630946065
0.39747938526342486,0.21942322926248448,0.16860302835261343,2.19879958156486
0.04221332383088616,-0.24113867239148212,0.14297441251147314,0.8555909798892283
-0.031192824913801154,1.0,-0.6844364659387456,9.230009925154365
0.6457131724736673,-0.5687736490772963,0.6522890684135338,0.06094166027798842
-0.03966076793177353,0.020300093543023756,0.6005482011623038,0.5370990451042601
-0.789013262450913,0.6478422770161896,0.6358473136780476,-2.1732332480414653
-0.8411180802900837,0.9819658226890702,0.21980755167110932,2.5150331570511146
-0.5668627296995392,0.6414684178091414,0.6554162015447564,0.07386267084257647
-0.6656920074225205,0.8012348854990929,-0.47992465914038207,-1.2549849596128924
1.0,-0.5974493223527895,0.6309267746933895,5.30823497848176
-0.9200170875436757,-0.5743927500350425,0.9892727479200027,7.804549176808037
1.0,-1.0,-1.0,-29.449847881830088
0.29233813850221546,-0.4109416649202524,1.0,-1.7539109699661308
-0.6915962520874066,0.8519912317132359,0.4138489828712435,0.0938210991659677
-1.0,-0.3231473244256988,-0.5629999107825321,-1.7519581038356835
-0.4997492482397372,0.21765398863585284,1.0,2.000830309132264
-1.0,-0.03505307184661355,0.05162476352475731,-4.316486421908054
-0.23996931076111006,-1.0,-0.21595715116981218,2.7886010072315726
-0.07584753069173455,-0.03015525914092243,-0.5273121330530994,0.5209912387085281
-1.0,0.774814011544054,1.0,10.856624306918985
0.6092629477361491,-0.06658091415110423,-0.21244447472443562,1.45953803782086
0.34813106764341106,-0.7906540639470687,0.4185582395377363,1.3914596099560765
0.15374601160576074,-0.621532621543754,-0.5264992295916588,0.34686034533392573
1.0,-0.4703619344403913,0.7210014142672707,5.868270512939137
-0.34000246480891594,-0.08649834849381088,1.0,0.7136468272308365
-1.0,-0.511338817488969,-0.9642007470304841,4.545548296518207
-0.11100018375280607,-1.0,0.40159195471425857,1.888900263451035
-0.7944283425067244,-0.9473070684523008,-0.3156046918511535,5.602347576331188
-0.45533438567380546,1.0,-0.914879713614186,2.192978244840863
-0.21794547096931338,-0.3484259219022394,-0.4207822586141512,1.0636301038662888
1.0,-0.2324902026110054,-0.07903440688842678,4.130696452540928
0.44678729325151334,-1.0,1.0,-6.936989143805893
1.0,-1.0,-0.117157924552036,-7.393263994191042
0.27521125135774493,0.827479052272514,0.06219395499957936,2.1421582736284215
0.5368503548832029,0.9920005339567624,0.4581882133575068,6.311072391553569
0.13912800339804487,1.0,-1.0,4.677318206700572
0.7376473177555316,-0.9507016029001332,0.16974187049473466,-1.0906080856053633
-0.38237780711647673,-1.0,1.0,-4.246745007040916
0.7273379182307711,-0.013419304670484022,0.18696816566081353,2.562617487815396
-1.0,-0.5029227162488759,1.0,8.783039392707455
1.0,-1.0,1.0,-8.704604699340585
-0.48311156062364513,-0.863547852444372,1.0,-0.7017517324601934
0.36464300348040624,-0.18558109535711886,1.0,-1.2389822814734666
-0.17466611319292213,1.0,0.4998783115815426,8.213606007791853
0.39825425945548765,0.15472481456368992,1.0,0.3890971600999771
0.7043174327314821,-0.29356277537409303,0.3276972820786981,1.879848833037472
-1.0,1.0,-0.2378359988073886,10.746687362604545
0.03365765107047225,0.7567903095194897,-1.0,-3.155583529653407
0.0496929054922437,-1.0,-1.0,-16.65301367086917
0.6925712711275276,0.9929810305313138,-0.5247720888262815,10.957797198689583
-0.03729346706291259,-0.30548541960200737,0.551325465131409,0.7568655128847819
-1.0,-0.20798690855148472,1.0,5.292637567512197
-0.4022844503080303,-0.33448471558259074,-0.4673194854656635,0.5124389123392514
1.0,0.7534073898232434,-1.0,17.561202373499796
-0.7123810681238105,-1.0,1.0,2.5029465447241823
-0.16249566741129096,0.5394940309675071,1.0,3.9684717019928675
0.576271334913657,0.7292641150210977,0.8100141477628655,4.267261059133839
0.8401139143203411,0.45174372288587206,-0.4587968864505676,2.5406432336745404
-0.9370818835958197,0.42522239591542554,-1.0,12.54528145334299
-0.6586930815527641,-0.1512343446215112,-0.1453930875964624,0.1271988555690653
-0.9111938057021476,-0.4925749570789013,0.3070951659961727,0.8572309156077484
0.2142732637999305,-0.15056316399205305,-0.5821939027221752,0.9817733215628724
0.4032565971847448,-0.42574227331840664,-0.3809240251477706,0.9076623631243936
0.263388198059072,-0.2578805409111229,-0.16656373478266073,1.3965933943283384
-0.5720257948188059,0.05052265867533268,-1.0,0.31632578501878095
-0.7608793941993299,0.09660409003949111,0.39014900178657785,-2.0215868752366712
0.6318590941317355,-0.6948962633530247,0.4035713959183187,0.5698255091617759
0.454102811351047,0.15212913661392768,-0.34012155249199005,1.2777654903271518
0.11211492465674455,0.11196481224192678,1.0,0.4698286023819001
-0.6470647063793411,-0.17216083375347013,0.25903158060254605,-0.06751691242423846
1.0,1.0,-0.3299698443605774,16.898398252632038
0.10408989645370093,0.16745886284441625,0.1251937991164327,0.8266387290069885
0.14950610435312361,0.08381557320563293,0.018181018298937923,0.8937690417131973
1.0,0.05334491709790479,-0.24387435838267035,4.544123675599799
0.32873789543093057,0.7212892791913106,1.0,5.143042315024235
0.021702366654656968,0.4301702428521159,-1.0,-3.7141355355246954
1.0,-0.9639552493432189,-0.6667742065773088,-9.41742892110484
0.642677781390941,-0.2336786127546766,-0.47667541800460667,1.7454910132970967
-1.0,0.929942377856372,0.09127521529036131,3.4734955827226734
-0.08733790353954518,0.32608448151036873,-1.0,-2.582609718591217
1.0,-0.9552199177645864,-0.2425412586676008,-6.477148673636397
0.9142838566341476,0.7201499592106353,-0.38558960065019,4.82974709666012
-1.0,0.23379244407930733,0.34720384540405114,-4.3355911908041715
0.5298923219060245,-1.0,-0.3717782298157266,-1.0471598541081981
0.009955344341847416,-0.44667606298564744,0.7919704308986895,-0.3374154284320899
-0.3750516404411417,0.8390131956463096,-0.8966298767662864,-1.8573354084455544
1.0,-0.499260194528643,-0.3834205385839704,3.46536301191487
-1.0,0.9435467298726659,0.8249830700550955,3.412157591188217
0.6170974236269895,-0.23164990822859832,0.2678031934767957,1.157072185893629
0.6640520760952997,0.5651974378361846,-0.1828029290139126,2.051800883662228
0.47046557898173,-0.17712967309673688,-0.6658467671151698,1.305854790209336
-0.045330867718696766,0.006350928678093393,-0.09624353330391955,1.0217145804173096
-0.8852218279078305,-0.27499407941341225,-0.2375016095736595,-0.4016561932545206
-1.0,0.8708377246968424,-1.0,20.5322808883771
1.0,0.6581611977446524,0.634536526958251,11.671753352394267
0.037289551007090305,-1.0,0.6668668978127126,-1.2466984327304513
-1.0,1.0,-0.39117476820993713,11.254474805668254
0.30081414428838693,1.0,0.529471463234729,7.378924861148261
0.3704110833668526,0.669897340960727,-0.3487852279238399,2.458398303507556
-0.3760269899666253,-0.03847943629748496,-0.040340178336176535,0.03582382207591993
-1.0,0.4411611652903269,0.15932929184948708,-4.430294053370456
-0.32067014733348076,0.09370279098226386,0.6848974036891946,-0.30420405274863566
-0.6051102983940762,0.07051351103599424,-1.0,0.0959674761513088
0.06007356799987451,1.0,1.0,12.757854650176615
-0.9373592518935192,-0.7913251664500349,-0.705575817973277,1.763165203450727
-1.0,-1.0,1.0,21.505601122645874
-0.4431670712337217,0.2319993039456909,-0.9023338542523578,-0.9743713295291401
-0.2393378124718244,-0.7792455880021436,0.1905692832842132,1.4676945138822168
0.41325411908368537,-0.059340210128260074,1.0,-1.222330347475291
-0.009703672502191507,-1.0,0.42688455680361526,0.235380297454713
0.22489405778615934,1.0,0.46111682065574966,7.27863671807975
0.5943253746351758,-0.7211049411921158,-0.1286462654374867,1.0052975721607011
1.0,0.21813368298218627,0.1693083327173195,6.053129201523857
0.02392800855345323,-0.12746918555161857,-0.22035568892761392,1.1819634173434972
-0.5162767956223331,0.20271111990751423,1.0,2.6847192667411726
-0.6010548162286005,0.1169595817045439,0.003149975064429489,-1.1642378022845057
0.7914087040599247,-0.3151072040039604,-0.3485918275897866,1.9278237789790098
-1.0,-0.2975644363130543,1.0,5.985545387678217
-0.3753704814537009,1.0,1.0,15.822811744597416
-0.10202722567857303,0.03393793012503332,-1.0,-2.9335885398388686
-1.0,0.8312933032047636,-1.0,20.48385384920569
0.852608038053863,0.5247522463309409,-0.24608017089784218,3.1281096958873813
1.0,-0.5189041134916594,0.30034322486898235,3.417838886554151
0.16875268823106349,-0.6796397391080364,-0.649788538633213,0.7318676893514124
-1.0,-0.0960195198292062,-0.38902351542221547,-1.7175255486771985
1.0,0.9006033469251267,1.0,26.70036305896633
-0.6426945363714938,0.141093097585121,0.4856874427591098,-1.3701224127464378
0.7932722408279453,-0.017587939364113847,1.0,2.9108007578203767
0.5449551898642229,-0.16838777312976028,-0.47599559147275916,2.6185550068391663
0.44215884343253165,-0.05390650821899978,-0.3377145191042916,2.0661507111038175
0.5751511470678627,-0.9234515603264064,-0.17071589769843398,0.021835099556605952
0.16158652206426094,-0.790033166348417,-0.34763441089277003,1.274054990185266
1.0,0.557357440089675,-0.531768203606493,5.175382959121677
0.3251954859142139,-0.06555373004594389,0.9193951506118789,-0.8697307088718496
0.07077299907814427,0.5587845473991309,0.36270270328076726,0.6912025371515309
-0.020075510748651215,-0.2919239109254044,0.3439064713967488,0.9921725257970424
1.0,0.31933808516325657,1.0,18.81579763939089
0.2951417762474364,-1.0,-1.0,-19.874165131662597
0.2899388786601529,-0.7931672852964295,0.139916757368171,2.1884270868273776
0.9207198380779991,0.8326469109345054,-1.0,12.794547303889013
-0.018844253451042903,0.22763777113602002,-0.18089433278335076,-0.2850836223722082
-0.018103297445683175,0.4453100106920571,0.134204638998066,-0.3098698193363318
0.10903606797086818,-1.0,-0.11128991298997026,2.859913173672915
1.0,0.5734012997593116,0.6101505305633796,11.140205037193695
-0.3964628861476036,-0.6717189632206866,-0.3330362425027451,1.4413539918669869
-0.05738283540454292,1.0,-0.9382356992513137,5.505536027958362
-0.34033203252432664,0.7273388110137387,0.7603698917565851,2.3592667315433
1.0,-0.1280147885155043,1.0,10.386009458329896
-0.4481089360299353,-0.41082576397009496,-1.0,-2.484672921030648
0.9505048849387125,1.0,-0.30909095910640905,14.731485550109593
0.6971469482525467,0.6491231528660171,-1.0,-0.5896225016948753
-0.6546189427764335,-0.7449759297072163,0.4607861556714574,2.133104797128517
-0.7361811946045773,-0.18316707950737343,-1.0,2.766643024069659
0.08922895225754002,-0.7543568493685626,0.5726355096446931,0.4701482194862301
1.0,-0.08483753321046383,0.22201066644838097,5.546813370986351
-0.0852617214852811,-0.5834197806795742,-0.14296800847184477,1.145408155084494
-0.958046772085867,-1.0,0.3449067737472331,9.789645303919187
0.9200334876812262,0.03373527658229092,-0.6423352771778148,3.031471876125909
0.8375687616666414,0.005790160449085757,-0.8030367186655207,2.680579700358708
0.22520000121954342,-0.1268067053628652,0.6799092974357777,0.6666867915305111
-0.7781645085258779,-0.6673201790703289,-0.9920768116331791,0.5904032695697661
0.04074726771606829,-0.8231263106262898,-0.9178671782905494,-6.732865584035956
-0.36555659849586575,-0.7111809776763183,0.21796474530252152,1.8883415456868518
0.592085182558173,-0.3836745215746815,0.25735833230645366,1.3691757661136887
1.0,-0.2731524633790732,-1.0,4.220531853472906
-1.0,-0.19283012488826046,-0.916395687391123,5.141204762912039
-0.2716020644946344,-0.569983863246565,1.0,-0.10730762159400647
-1.0,0.7916293623954753,0.6005282884571492,-2.4733489000603646
-1.0,0.5480640325053414,-0.11302784261675747,-2.250178609648534
1.0,0.24919350985350452,1.0,16.83502379358459
0.24896512422173678,0.36330329751526014,-0.6636377107563818,1.1500883956267094
-1.0,0.1329603208982375,0.9929328036233809,2.869072258856076
1.0,0.8087815675237404,1.0,26.625707347995355
0.8844869318350861,-0.9417310977479678,-0.5828222400985696,-4.984319092252187
-0.6721935180157435,-0.9839921540603631,0.25190482645243506,4.424068858559579
1.0,-0.21886436348783977,-0.1827626135343714,4.315316637917662
0.08569071255261851,1.0,-0.18045165515946926,8.679562772272128
0.357835448158323,0.5526007602382979,-0.264297094347131,0.8623466057946125
0.2380647989344884,-0.8767265749274129,-0.05433858660785362,1.623044605748804
0.01871509609069566,-0.12439591570623754,0.5491424780575402,0.4439250186644604
-0.5451440104143703,-1.0,0.25416738326708166,4.283941259983879
0.8658257509208833,-1.0,0.6802950812708868,-4.032996023413128
0.05724859556050532,1.0,-1.0,3.9087507090813096
-0.23377452021773792,-1.0,-0.04890607404252578,3.037505284283439
0.1542128057506662,0.0900426277110673,1.0,-0.2711037111554915
-0.30909032328164265,0.09624604330911568,0.08461677345099483,-0.4854416471946265
0.2296040342805108,0.3118166147916215,0.36800860670121205,-0.09835066594044795
0.22905082540359634,-0.6889966523338704,0.3053968211634104,0.34068455007481424
-0.571541150736439,0.852065290976282,-1.0,-3.7534771366275637
0.4326135050881068,0.13822088898357188,0.9095626780312478,-0.31529318689170494
0.6367951267399208,-0.03030441648107085,0.607702169542325,1.5786650252029697
-0.6243747059497944,0.01891305741080873,-0.046345751644622624,-0.40137935634098065
0.557547106842865,-0.968060238069864,-0.04283467285892306,-0.19787335717814392
0.5371091870772688,0.033498247395572944,1.0,0.15177407915279556
-1.0,0.09921151543759033,-1.0,12.037499483467256
0.849320226890182,0.4659462246089492,-0.00885433533545621,3.390449457003264
-0.15833241090665862,1.0,1.0,14.14534794603132
0.9919971963176839,1.0,-0.02293629307535361,14.195395700658414
-1.0,0.4482762074423883,-1.0,16.72999274691515
0.6923444332822168,-0.3511715763998038,0.6575521757373057,1.1845191738842547
-0.0993744393452003,-1.0,0.9367085689476837,-4.50247035707684
-0.356721519076622,1.0,0.5020562850642112,7.528202508269086
1.0,0.01345543946238048,0.16994651865530974,5.104814114863268
-0.2631283010676475,-0.40738026748716516,0.09773472026411278,1.120177360443642
-0.005921909106728407,-0.051844735664453356,-0.6724091978297924,0.991237083418044
0.858236321266886,-0.3792530428584284,-1.0,-2.2097290292701444
-0.04649646190836587,0.1361050885043833,0.9110731530332417,-0.300697126030948
-0.9641721637273026,0.4177054269292422,1.0,3.8230818777966595
0.009857713455425632,-1.0,-0.8313587385895111,-8.809314386691051
-0.31429193355948537,0.5199981716922182,0.6822880592894769,0.4310157039028787
-0.5705362356724806,0.1148923387928602,-0.9772000900858357,0.3371917639085439
0.7398524989672104,0.1693736357805955,-0.013373993309549137,2.202602414772321
0.6163371759822429,0.2088740014681194,-0.6753533459782544,0.9297390805904131
-0.8729953356747355,-0.09319246640240864,-0.7778066251250637,2.276716966381456
-1.0,0.4892350246190931,1.0,5.250756892857361
-0.3430324121676147,-0.6693503909194511,0.08329470066078137,1.6088963148570081
-1.0,-0.1808591478550985,0.7155391914171139,-1.0534359363677785
-1.0,-1.0,-0.7900285472329678,3.14013880940867
1.0,0.575722401061111,-1.0,13.589337236720878
1.0,0.2967271657294286,1.0,18.875603579041215
0.3785851163995697,0.4161258537577657,0.13623595052893034,1.2527833809661613
0.15585471726970956,0.8158674460416753,0.16810595691229668,2.1114339334340273
1.0,0.4391906399072041,1.0,20.9037956097917
-0.1168694233458234,-1.0,0.44939710856882176,1.591989365728246
-0.8784020444920828,0.576042937008086,-0.8051775972110258,1.5157919678991758
-0.08422526091736304,-0.5627483945045562,0.00035549969203962917,0.8767145399860865
1.0,-0.21049802014789165,-1.0,6.327030540934183
0.35740089199403124,0.07999201108954779,-0.441563962436905,1.1113794807423252
1.0,-0.12831906358642087,-1.0,7.296776188216347
0.3747679938804578,-1.0,-0.4647727308380456,-1.7336504416317706
0.10620769645529649,-0.05033244406374604,-0.8027869188132166,0.6283627572226498
-0.0622679932262058,-0.1827135732050864,0.6735770044116047,-0.13061710000201138
1.0,-1.0,0.36170216440624015,-6.705478467027645
0.2992662736684226,-1.0,-0.9374376438515408,-15.228122534417448
0.060777531785335626,0.4580459034790685,0.040742482832221816,-0.1142731426207913
-0.02544357039557621,-0.11725846365525139,0.4069017068940204,0.439563103923574
0.4034654808630933,0.435371331330902,-0.6621093225218628,0.41011295131857817
1.0,0.45249193065234916,0.7160365439357554,11.97718018011822
0.07085553088219676,-0.9747232688489225,-0.29570203652662497,2.335260941015514
-0.8837999236962062,0.19412514862882557,-0.5480349871855132,-0.5910009633933471
-1.0,1.0,1.0,17.19949745334108
1.0,-1.0,-0.7019998440873878,-14.52184724614621
0.02539099653915966,0.4072113739620513,-0.77104906216185,-0.43660183346037845
1.0,0.8187240874653741,0.6310350382156948,14.133173952227718
0.5038397221865802,-0.6497049516812596,0.0889008512601952,1.0744503937724061
0.5282719749978761,1.0,0.124106718984059,8.19933089701098
-0.7575315564531497,-1.0,-0.26571475355381846,4.916974092430788
-0.26787837014235816,0.7108659208248143,1.0,7.396996935639854
1.0,-0.7416449652845738,-0.9375830662000064,-1.6247505670089502
0.3790689990792262,0.03867209864167975,0.6018305426586696,1.3167409863650121
0.9485147592428051,0.6373812055031955,-0.2639317520786386,4.670699278158823
0.44725000877586774,0.4965498726412325,-0.6731150595430133,0.800905825147165
-1.0,-0.8030341304762549,-0.7326412065918586,2.1351287967516512
0.16248630908312678,1.0,1.0,10.405399128240184
1.0,0.12495451332317109,1.0,14.340005539062306
-0.10149313651763481,0.2121731665032831,0.16461045576772193,0.18708846502858864
-1.0,-1.0,0.5303123908077629,12.953967659213351
0.2670589214334318,0.14240735950098982,-0.303291808462377,1.0143435201798863
1.0,0.38651082305005335,0.7755734552603804,12.56063994621125
0.21353874606177592,-0.13532084782443343,0.6076542243278078,-0.10319974115757091
-0.50543671617914,-0.2558573581141488,1.0,1.3053750441006247
-1.0,-0.21462803777528694,0.5874019939573076,-1.7077112522399287
0.30847216298470337,-0.1567621475959291,0.3166083301870857,0.4493640161619282
-0.3190619486247148,0.0807932736720629,0.6137419854725052,-0.46921946259274816
-1.0,0.4370077250170059,0.16330229914186623,-3.653944364836498
-0.03938297435273386,0.10088414334509155,0.6865750972608207,-0.8562714230197062
-0.009784327599657638,1.0,0.645764737375802,8.882247395252126
-1.0,-1.0,-0.5036131707406071,5.201846996781495
-1.0,0.7923762979242295,0.47845500843066446,-2.7796050239592005
0.11723887859567461,0.6835073825080755,0.6670996437537142,1.8928602999455282
-0.18402404992737442,0.2331659045330572,1.0,1.6277688040430482
-0.550246263317369,0.36247757122639435,0.06658600748600874,-2.0154057487777743
-0.9591983828172039,-0.19307864654869267,0.16150428724054855,-1.9137727470260923
0.4979780640959075,1.0,1.0,10.164750943884272
-0.6928694887217437,0.5919974836594324,-0.7627899866837973,-1.9270902207863063
-1.0,0.8300201457063754,0.5521100368870351,-2.298572012096352
0.43199363506120547,-0.4813878274355454,0.988520715656408,-3.047765182516683
-0.4536470627898719,0.9484859270676469,-0.010546579717896964,4.1853271826143095
0.8683854370385997,0.7634076604868354,0.6109586848840294,7.928691545781468
0.29861378057838617,-1.0,-0.7942767205429011,-8.505069854048068
-1.0,0.48907150366413243,-0.03959647768754615,-3.5061740756385724
0.6305192204346637,1.0,-0.9943667007953494,9.977639264424761
-1.0,-0.32650334893347854,1.0,5.698688236083574
-0.4405561008859096,0.399779811424142,-1.0,-2.6103182395732354
-0.42318530197865756,0.761697604761272,-0.23283509466537855,0.8695481963815471
-0.9722978052651856,0.4891207697941611,-1.0,15.774375078305047
-0.14123606009624057,-0.22729855411006938,1.0,-0.6906122081733443
0.1281932933634813,-0.24035765171814583,-1.0,-3.840750332699188
-0.21176471982881084,-0.46607935480915885,0.6176024513197764,0.186991679688431
-0.3491493768721925,-0.4723477858256129,-0.2148507773958408,0.6547179571490249
-0.5585539493600993,1.0,0.03479603525192454,5.135031464128154
1.0,-0.22572564037703313,1.0,8.78083535607216
-0.9329573378483389,-0.6232870598023115,-1.0,4.201170654330819
-0.04191365675333003,-0.1389626571373399,-0.16364613256673644,1.1803712662967776
0.08131338787716302,-0.36396998668524594,-0.27594173178829107,1.8149222015464979
-0.05365531224560938,-0.1355692973896092,-0.248354332781757,-0.20324072403924054
-1.0,0.292687124345792,0.2721386812793456,-5.363525430940841
-0.6503367574156391,-0.10380256678099076,-0.20478199143081088,-1.542870632143466
0.1479383852971854,0.7711642813122763,0.7137570316424253,2.756388997243863
-0.8948676010643519,-0.2752674980166696,-0.3098875693711298,-1.160279473178357
0.8421780183348726,0.1445397036347873,-1.0,2.2426830095269548
-1.0,0.39970819132054425,-0.4183791747712946,-0.8445885062942895
0.12365584814010333,1.0,0.9138379324131018,10.29166547408111
1.0,-1.0,-0.40310501663401377,-9.83059180152821
0.2308653516776895,0.7589988299710329,1.0,6.695124572912309
0.41088838842153197,-0.5514742534465438,0.028785038488327475,1.247222184698144
0.5343819717116376,-0.07020706236236252,-1.0,-2.617982163877731
0.07183931896531104,-0.15519884615757773,-0.055287139724382595,0.27548870547289095
1.0,0.47753673165908817,0.7276177570133586,12.29840047541811
-1.0,-1.0,-0.6668808670192352,4.553473017384057
1.0,-1.0,1.0,-9.419720551090638
0.4519562903734504,0.8946707138795085,1.0,7.373778744854335
-0.6733696809517624,0.13104952092331934,0.10761777632765668,-1.1551047773113279
0.10322080225497854,1.0,-0.08766311174304153,8.763793985480675
-0.22834397930254235,-1.0,1.0,-6.212768852924538
-1.0,0.20689190601009688,1.0,3.3797154890567596
0.38295700938818755,0.9661930461695478,-0.01462283121320418,7.217069606360057
-0.14372274497634008,0.44893408002783586,0.2918554620038103,0.8604836120374134
0.46654051835310906,-0.4505083024183201,-1.0,-6.522445159083379
-0.22944795437627286,0.7523989657916046,0.7382865321685519,2.953843604242901
0.9752369406743446,0.8226001916142798,0.11614908666940882,8.90551055388398
1.0,-0.3725255676028292,0.9598310987861949,6.485696835575666
0.4271598680332569,0.2697758418437799,0.6639301318745623,1.333510450596182
-0.9482968503192002,0.33893058579888735,0.07905813011372698,-3.3146068824001866
0.8415365431014314,-0.30650250699648596,-0.9621929558180886,-0.5043375542846265
0.0840186658582669,0.7320852277288186,-0.07644515022525744,2.044920122573981
0.5516089629469136,-0.28538692840992463,-0.34898867221620034,1.6698421626476807
1.0,-0.7016446592746153,0.9470663252984897,2.388660273444952
-0.10863247555214173,0.5484677051914817,0.6677606411166896,0.8350116117081398
1.0,-0.04881068112748532,1.0,11.604953519539121
0.6739136245169934,-1.0,0.5859764778105025,-1.8350201332605705
-1.0,-1.0,-0.3718330495716977,6.195658487267381
1.0,0.5112010444693313,0.8315678791674637,16.326609571033764
0.9699027279540917,-0.6274874500964243,0.5701322329380936,2.6352212483944344
-1.0,-0.7238687305977645,-0.9157604443000691,3.03273742480755
0.017608246134654504,0.6241205537087318,-0.6055750959212625,0.31428680633572714
0.021316738758879517,-0.06490417426557582,-0.10186352597190229,1.2094535828592636
-0.29862110730413094,0.2018888873593483,-0.5734993867589049,-0.15155903779206337
1.0,0.22351468905165706,-0.4438219993818031,4.565227786159788
0.34044042301772826,0.12460756345283364,1.0,0.2600214642431896
-0.4498674344357674,-0.10238253421821253,-0.6106967666875245,0.845591124683649
0.9105738867585302,-0.8508168751359217,-1.0,-13.614604489361199
-1.0,0.6511172871244468,0.37637840644757947,-2.7358109766382697
-0.0116939415075612,0.30910133911189464,-0.06338792790724068,0.5935744484956632
1.0,-0.21731477713374092,-0.3007568465740933,4.410343163150363
0.8320832184300864,-0.9839879531418956,1.0,-7.577504752061035
-0.44172216315732915,1.0,-0.6545090300553706,4.743687954446513
0.6523138253864131,1.0,1.0,11.91966746794767
0.608257201946149,-1.0,-0.14012412725319612,-0.015696500921552614
0.4281807228169485,-0.8219760553263815,-1.0,-11.5933406826566
-1.0,0.04084513922311861,-0.2036317876004059,-4.388927328171231
-0.3949591999333031,-1.0,0.972789141080217,-4.038467734238475
0.21174531318026868,0.07062592209863539,0.6178048542837853,1.266232058776069
0.39362809122910836,1.0,-0.605422700748369,10.56738356879968
0.5141296708420706,-1.0,-0.3638595215915261,-1.114002783454764
-0.22693440437407286,1.0,-0.6039359574407039,8.593099219127561
-0.8652359699204739,1.0,-0.3462538367194463,5.450134057815635
0.7539709697210324,0.5638305112645325,-0.7037936108565097,1.3183151453913713
-0.2300529253738166,0.4771077515572515,0.03143305151030584,-0.4457593771242853
0.7080070199623907,1.0,0.23400802111140062,8.224662526329517
1.0,0.47639589188153053,0.16182533255312537,6.498097368538548
1.0,-0.3609635733213583,-1.0,3.3818888030957432
0.458261659866231,1.0,0.7363257221806294,7.7946154496749305
-0.694030158342247,-0.832479706088896,-1.0,-3.444065381951059
-0.12958126351094723,-0.5244690335927422,-1.0,-4.934613157487213
-1.0,0.44454078427061905,-1.0,17.782731209652137
-0.04591642415518393,-0.7244719555971029,0.830054795898012,-0.7558947227373559
0.9270720321363182,-0.28835517780956965,0.5303645380415734,4.1329139476808265
0.5044877939949575,0.14400665546541802,-1.0,-2.318788265096498
-0.6552561197701516,-1.0,-0.7869603417880278,-2.4126883212365304
-0.05432059218468055,0.0806951507572542,0.45588147119398204,-0.2554398586371737
0.6679286029938722,-0.5142778701592277,0.6867410601768498,0.6110007341196826
0.1718449179249646,0.2634407188885435,-0.19800132677946913,1.2650031473962196
-0.14555984394910526,0.13170741069403347,-0.8422926516309333,-0.6398992690970481
-0.8910290278663537,-0.6423291883496436,0.5470089997288794,2.9503084969178706
0.3068008192634286,-0.6851255865079511,-0.004469208062634511,1.391535175866368
0.33933248752057876,0.2921829169545176,-0.7353675574496685,1.515490528298127
-0.1584211300400673,-0.14102390507878093,-1.0,-3.450581133705399
0.1614862497288172,1.0,1.0,11.391197581151754
-0.12831072646033226,-0.6651310740744558,-0.16852031742647555,1.3114091525960931
-0.26617534263325116,0.4972265491854919,1.0,4.396675548276103
-0.4914737415362944,-0.9244641265447584,-0.5121776799054092,1.3258252884247161
-0.04494833883677529,-0.5426546527066034,1.0,-1.6691693088002013
0.1701568394869848,0.632062507612706,-0.4408196190103739,1.4705881766292928
-0.15497254436828056,1.0,0.1304425742692643,6.663497588327391
-0.5867064030167264,0.41797727962509623,-0.4265520804158427,-1.0602234211454524
0.5607368452075487,-0.3106120384094022,1.0,-1.3946953508862165
1.0,-1.0,-0.9635671111459059,-26.405466096001856
-0.08568815138917518,0.13743211120695387,-0.014939642354933058,0.17125945270693727
-1.0,-0.6255814795836141,-0.197050537233745,0.9236050270218754
0.42273041905895115,0.29792070821175054,-0.38339596044035895,1.247495278446351
-0.8339509711664337,0.5344328643762959,0.1749055020487058,-3.5792461288174104
-0.2339692279029677,-0.7405267347503355,-0.46929487616987164,1.6223354454637584
0.4629947255879121,-1.0,-0.6222801050886304,-4.569128223436464
1.0,-0.4629243724050367,0.8772059078506935,5.5772043812153775
0.008014085635090318,-0.8804354407299226,0.11686890546739082,2.7928603610120035
1.0,0.21223201219115695,0.016243802936464657,5.42643218697469
-0.4592865707353486,-0.5814842202166783,-0.58159331250097,0.6334520248113508
-0.6298828844333164,0.43695553485524163,1.0,4.012716039309231
-0.7968466556681699,0.8210539799828895,-0.38549356090489617,-0.7501700370452027
0.6143019705989867,1.0,0.6861120641497773,8.095134354668415
0.5316633234905772,-1.0,-0.40928484541419463,-1.6139284392362716
-1.0,-1.0,0.8320765603706308,18.060559429368144
0.5273313026996926,-1.0,1.0,-6.439693017753696
-1.0,-0.13120323590511584,1.0,3.981045937831202
1.0,-0.698758385820835,1.0,1.4303315460657322
-0.10468419045871014,-0.5309093373676754,1.0,-0.4566531985190345
0.7335461377551828,-0.6871486277498897,1.0,-3.0165984297832176
-0.39331132544382585,-0.8030034290623744,0.7721388614581981,1.185765253602158
0.5578493878144406,-0.7060488364846444,-1.0,-9.478023443998179
-0.010977331305230154,-1.0,0.761312905397389,-2.141640356406474
0.16115302628073747,-0.1522709285731354,-0.3092429201701008,1.318117209200368
-0.6295430966063518,0.3220988188296332,0.7237975947071409,-0.8369554507297664
-0.6851134686003628,0.529934778646044,-1.0,0.13424043021737173
0.42848718821156373,-0.5652058166583782,1.0,-3.113261354941874
-0.06752681934121174,-1.0,-0.07758711842480559,2.5615337519440047
-0.9096913421660859,0.604377587616421,0.4092681434912695,-4.770939785633741
-0.1418334337089766,-1.0,-0.4745514518636036,0.9560857332148573
0.01849348168672371,-0.7904215233575029,1.0,-3.128609900946132
1.0,-0.5198000339316817,-0.5826618352417998,4.502303599540621
0.7022722893469471,0.0950080728273952,0.9408844343244716,2.2329402180171556
-0.20434718467743673,-0.34733982472149183,-0.4954477602975289,1.247857010430822
1.0,0.3491784889552103,0.8404941181118859,13.045869136150648
-0.6547671367837684,-1.0,0.03683723415754492,5.113786498208873
1.0,0.17986014917886894,0.2630058468691223,5.888424342743779
-0.6577538016775042,1.0,-1.0,1.133870559604063
0.411259530482075,0.3772047069448743,1.0,2.439205260735353
-1.0,-0.024934117177026316,0.4028164574029067,-4.080323489131909
-0.8455332156120801,-0.6100912951623281,-0.5095758521453648,1.4849735470415484
-1.0,-0.4021929679300189,1.0,7.7497444301658005
0.9953470647172711,1.0,-0.06894142923557167,14.93149523864319
0.7516150042440144,-0.02943238435481743,0.016609781140465074,1.7699970741557591
1.0,-0.9280638582622391,0.19853458971252702,-3.5924285964850213
1.0,-0.8660181244293601,-0.20316681765399314,-1.3409663388905506
-0.15094163481413214,0.8977093787034991,-1.0,-1.9514890226242594
-1.0,0.8013620253542797,0.946905117491857,7.313247396832493
-0.2751303976127084,-0.151790241409113,-1.0,-3.056714418621633
-0.8150425844672127,0.13974545054318033,0.972418067024909,1.9154362472599185
-1.0,-0.14732335270849206,-1.0,8.368162147002828
0.23575594463783722,1.0,0.5288513425631272,7.407725373722591
0.6153838653053498,-0.26256612875944363,0.8535623227725997,0.1363237860502763
-0.6060554864917245,1.0,-1.0,0.12493587849456034
0.12815619030981718,-0.6958002465518258,-0.15379152627595372,1.8464215563770925
-0.42024584870539905,0.8062001156429592,-0.08433219501179834,-1.2773863905843352
1.0,-0.15518991023910256,0.8359895672072872,8.279857727672194
-0.2059358767960464,1.0,-0.437124972407515,7.972405083864419
0.8859316524935845,-0.6381835893924539,1.0,-1.107994461207213
0.2198144161689055,0.5611175662717989,0.7579779029887241,0.6514232785293333
0.3470437146116927,-0.9295387969767399,-1.0,-16.13562078411397
0.06171342428577753,-0.3245394706408449,-0.3866292929639543,1.3340634431313025
-1.0,0.48234346979271114,0.6361055436582295,-4.396727430364642
-0.733824848948406,-0.06607085870187457,-0.8531396893354257,1.4749870374492944
-0.44237300448846284,-0.9346291746450146,1.0,-1.7105592528232945
0.3560495293435981,-0.4146217415112976,-0.4691179371195533,1.6836155040284666
-0.14845604092001308,0.04590919363442891,-0.47776190942813623,1.1255298282445234
0.3978051221086023,0.605349872458862,-1.0,-3.6544665637394247
-1.0,0.10215984707559556,0.09403307621616985,-4.983512135536526
-1.0,-1.0,1.0,21.27295024308185
-0.001228075919481375,-1.0,-0.9853044458585947,-16.03674838852309
0.528230132520727,0.2681024535633043,-1.0,-2.3670135723058237
-1.0,-1.0,-0.31226263791635667,5.475237854751744
1.0,-0.29606592737860526,-1.0,5.127821815354648
-1.0,0.4729392501866083,1.0,5.291886012357693
0.7312573038808254,-0.7016994059327661,0.9017078775249281,-1.4923074314456086
0.0330910166709526,0.01408658740199864,-1.0,-2.78838600250426
0.7150128209168871,1.0,-0.4503324069662116,12.156583769410268
-0.5720818587387526,-0.9296658634178689,0.21257614598161356,4.65757316832517
0.7535379678583676,0.25367344518804,-0.19455555058588647,1.534230835286343
0.05039239751899571,0.7217097762504021,-1.0,-3.9002635282348606
-0.22005071843288815,0.38107778098124,-0.2703249533030416,0.1652459157463037
0.8435879004741649,0.11765881627899866,-0.9440122166671361,3.2042593797525822
-0.8307995591255866,-0.6160395760717792,0.29292070123100444,2.3133443957422526
0.25192389755635003,0.7514490388822397,0.6309987345354029,1.9944185770918688
0.6573214029335168,0.7211552903962357,0.9135331988401882,7.398141606676807
0.4321207930217421,-0.82910024177225,1.0,-4.940420232574515
-0.06276941348903087,0.5523852800116908,0.8996174983076335,2.6457100374607583
0.3642600213796663,-0.23846702743960346,-0.7774134332025044,-0.17131707174386268
-1.0,0.8839394169566483,-0.6810574574153454,8.703770220136736
-0.708893105615706,-0.22126727333614715,1.0,2.380792103955661
0.7506292624528825,-0.9858171773852853,0.5911825952432288,-2.552341115450713
-0.41221674050591295,0.5143833065269614,1.0,4.373558793954548
-0.07628380354297737,-0.8653921185710076,-1.0,-10.977680178548336
1.0,-0.031580585019870044,0.2563448593773181,5.4650562168594625
0.49371513193528793,1.0,-1.0,7.319373283354035
-0.17780390464113238,0.14651458210696533,-0.9966465523266765,-2.8970463160133244
-0.6915576031866668,0.4098182603432432,-1.0,1.101897312484429
0.2876032720191808,-0.6190600532127837,-1.0,-8.211534208567514
0.4376461620447032,0.1682630758207977,-0.157145485261855,0.9996444277460868
-0.43855872501572213,-0.2255735515040087,-0.1424453117651301,0.025065739291824707
-1.0,0.04312104087815971,0.4016887723386884,-3.997485396816723
-0.38669768756303835,0.14262586760860296,-0.5028304493867972,-0.30839810719094146
1.0,-0.23558790383725103,-1.0,5.518357380290681
-1.0,-0.052020188386278754,0.9706882599382936,4.077063343637256
1.0,0.1517360022732701,-0.27797149668150656,3.866060331626952
0.33343015931875564,-0.5657810857768995,1.0,-4.03492051752852
-1.0,0.1897211949990607,0.3456970391379066,-4.880195875969523
1.0,0.07854732412790777,-0.6535485323354491,5.49540086505101
-0.9073565504713066,-0.18450268597626573,0.7968662410060414,0.6959672375310205
0.2844974824462798,0.3722702719309925,0.8497487071531742,0.5142149826849285
-0.33169081397923517,-1.0,0.43242861466525917,3.0893838768186432
-0.12690032446400457,0.8918328342721495,0.922920109471808,8.505663165484016
-1.0,1.0,0.060760556093552465,7.333883696307608
-0.30618508484313023,0.29217619824609486,1.0,1.5029553317648503
0.3583118149082858,0.4127087012848074,1.0,2.4775928185542586
-0.288442023040425,1.0,-0.9849791402393271,1.8649360894420166
-0.05827680661184709,0.47114830315787914,0.2989798156460135,0.4128341022870036
-0.6659708923386753,-0.7240425387141947,0.24752385029418233,1.9554321287137806
-1.0,-0.46544748286143456,-0.5254093885868929,-1.537549376271786
-0.24818446782765524,0.05174240511387418,-0.3029310180113558,-0.2966599620352958
0.5743552444342819,0.5540332900186171,-1.0,-2.0421710066106336
-0.3262380629973649,-0.009108261053777156,-0.42185337593872196,0.45230947320090836
0.801687601766877,1.0,-1.0,16.390503728931716
-0.1858932886911393,-1.0,-1.0,-15.148803326870619
-0.48772123393071154,0.5032105338741815,-0.36066646419673654,-1.1623401169736292
0.7261276719661305,-0.22053379892530556,0.05713230921653456,2.050306019712933
1.0,-0.3119552230764584,-0.2545073121831458,4.694197131032513
-1.0,1.0,-1.0,21.890662863855628
0.05864441055741021,-0.1346426867064081,0.8035618164985929,-0.05053039555804968
-0.17660665434157163,0.319253111379197,1.0,1.8337136661067421
0.07901671939362598,-0.1554085838206678,0.12154487458568619,1.1248129550907136
-0.5783014929061576,-0.04366275567056466,0.2994629548362293,-1.046378599274467
1.0,1.0,-1.0,39.055911109110525
0.09092087594887643,0.2457377863333403,0.09447046374925305,0.5992023011047033
1.0,-0.49937540756060006,0.7244626626509199,5.394892390542185
1.0,-1.0,0.09984423631096973,-8.194221336084146
1.0,1.0,1.0,26.039666638619526
-1.0,-0.124696955926894,-1.0,8.070364289433895
0.5565184314075358,1.0,-0.4668637103144986,10.746952070601182
-0.8284368847808057,0.28501180318227615,-0.12107131591434683,-2.576574412021566
0.513070153492621,-0.4070224704696359,-0.807702892714951,-0.36841862504249373
0.5345949084743746,-1.0,-1.0,-23.428497436060066
-0.23105105611230403,0.17466385637371196,-0.8985753020945311,-1.3557463073921152
-0.021233179959236903,-0.43668348540389346,-1.0,-5.281526899199861
-0.1685555827067453,1.0,-0.38260118009693844,8.944992237222593
0.39404032865841243,-0.6787905243123271,0.11333890887802633,1.9584256968595537
-0.4302860909893673,-0.2382129955788692,1.0,1.022244811830236
-1.0,-1.0,-0.22202272707677229,5.990085887395953
0.7160507199762614,-0.6990797831128823,0.7072190314057116,-0.06881302861560418
-0.5686301566495664,0.4424907039643473,-0.8732226206868576,-1.3449086809920614
0.3479983128243518,-1.0,0.2268883932192185,0.7770767616226497
-1.0,0.0645805064018734,0.015646130220271504,-4.6298628194552505
-0.09147914393718026,-0.1894983524022471,1.0,-0.522814715786562
-1.0,0.8819347468478069,0.9402208372583323,8.643055685073888
0.15707750416078325,-1.0,0.9362251438173621,-5.450096591236644
-0.152262066829715,-0.49930282162625894,-1.0,-4.600764951084496
0.278580265485874,-0.74388185901122,0.39632521870849846,1.2592479769768392
-1.0,0.3456793944312291,-0.8296569067624908,6.092540155066495
0.014725715790516514,-1.0,-0.14262279160836622,2.0157677896949098
-0.2688276954239093,1.0,-0.31595105024142844,7.819683293283119
0.27983740577581906,-0.19395575274943977,0.03854565862242354,1.2243893001142037
-0.891122973459203,-0.22410483876016718,-0.25058647993590166,-1.0032281465926818
0.6077010761920008,1.0,0.4806963322311608,6.949167066974322
1.0,0.7418080853338529,-0.6392871983822759,8.662468854965395
-1.0,1.0,-0.7987265015585399,14.327056266338376
0.341536206666766,0.13794341928766807,1.0,-0.2092468543392738
-0.7171717681746674,-0.049443428346810814,-0.6984591310850854,1.4116862805188424
0.0062032973731034335,1.0,-0.055164033262121714,7.821397039302569
1.0,-1.0,-0.7358376028759077,-15.700984228827702
-0.6385706391594741,-0.9391812330937246,1.0,1.7321198647237774
0.7163862151307319,-0.8199059531792698,-0.0864821832251561,-0.09906130601958152
0.04981783348959645,0.10476998527743797,-0.8212454927783497,-0.11241748500022107
-0.2128171077163703,0.9158627158755028,-0.7218595038873357,2.6824990829590027
0.4240925912244562,0.08330896191678194,0.39381491591392614,1.935661602786567
0.21554673060982177,0.6379159235487772,-0.5733751657422361,1.0553748608088487
0.3763243913808487,0.511757241280896,-0.25088924655240663,0.9328883244755092
-0.7386218974709455,0.5345125810615665,0.5389017242296412,-2.2356309106627057
-0.32269621924777026,0.06134033695925645,0.7799406234988115,-0.31942479858927864
0.28134189535236387,-0.14843762696643892,0.4595726311042383,1.3125633610211962
1.0,-0.05819129927649014,1.0,10.99858241798525
0.21941346699556696,-0.14004478019541255,0.6404321711367862,-0.002062185097545799
0.8746457701969483,0.2995583152671142,-0.1643099162768984,3.0660854420099812
-0.016890520628950467,1.0,0.6034383279319551,8.222637874216204
1.0,-0.19326755399829443,0.46986214647208735,6.484631150555952
-0.17871882699293806,-0.6225383884137279,-0.157294937911735,1.1390725165657727
-1.0,-0.49054702264321004,-1.0,5.830506523046078
1.0,-0.22222667601943646,0.410868405798283,5.114638950972901
1.0,0.5297203449912729,-0.7720845906330456,7.855258269530999
0.5721086249875016,-1.0,0.6709837380933081,-1.3663111516005393
0.08336335472595668,0.8993514393600697,0.22829678651544416,3.8435479690166914
-1.0,-0.297684392682642,-0.10673291645473126,-3.6807019391281894
-1.0,-0.29314098271976063,0.345796516017687,-2.660778251501089
-0.9482056500406975,-1.0,-0.24009740439440175,6.361077704039947
-0.9477478548280365,-1.0,0.6876275943339347,12.920493379027569
-0.9713211715291703,-0.5631768046813397,-0.5767602947843988,0.8420310174468121
1.0,0.29302964604042736,-0.23549705063797188,5.299671259741841
-0.2609372231316518,0.05545990508369303,-0.9494235740890618,-0.6477270854901879
-1.0,0.01512777899270934,0.5643128225884564,-3.649997315000252
0.41736703544537646,-0.7084916857981689,-0.178294608262499,0.8682297367580294
-0.45585628686506174,-0.7030092143203903,-0.5902894179107114,0.9124953845385886
1.0,0.11753847460885658,1.0,14.144195736086834
0.6529318957622698,0.7316193649603007,0.26973467251144845,2.9469514559227474
0.04712464185433096,0.6607871729705146,-0.42540745658590273,1.5106023705747527
0.6699079463619309,-0.9141568077191518,-1.0,-17.8711913995016
1.0,0.04514492149271088,-0.9450049988805513,8.023964676538787
1.0,0.9495729596221802,0.1350493541756841,11.913755962646169
0.43955676453800274,0.3943314151360764,0.19549949152917456,1.4011289210547637
-0.4378616833564848,-0.31878796256420605,0.14108313222773705,0.36842096015477205
0.7044879109780404,0.1818989963849491,0.48545983394128567,2.2914990072415704
-0.05819949720880402,-0.5364069762351156,-0.8221051101642942,-1.3793181665712755
0.6107663398959571,-1.0,1.0,-7.2319353611448625
0.3267434944171568,-1.0,-0.08339373395999816,0.5533412431055882
-0.10934401191418441,-0.3732734814227563,0.7214825528502007,-0.13643702379825107
-0.13567436224205442,0.528480154756253,0.9058756748356931,2.8704708732682565
-0.03138748931845825,0.3514453554924428,-1.0,-2.9578274922178163
-0.27394542122899224,0.919529374741811,-0.8483286414398676,0.7333450165980965
-0.6956381309944664,-0.010591731253027481,1.0,1.5334890512466872
-0.3862909361168714,-0.0575557530405193,-0.40180916438069114,0.16449165484553124
0.03320729208733675,-1.0,-0.9679111238304368,-14.768539497144499
-0.5002784712920292,-0.10816459293189662,-0.195660164968384,0.18692467637612903
-0.7961878092259453,0.17132839917419385,0.5839982536803525,-1.7128662065916407
0.5102923279814953,-0.225582616116625,0.049291574215177825,2.1828906895488913
0.2679375562390305,-0.37163025938521543,0.5206946787759821,1.363035858270126
0.5663379754962725,0.7390696662226044,-0.46040700606739704,1.9094238269957924
0.34390200245069225,-1.0,-1.0,-19.4772052038245
-0.062107857225311314,0.4059071381001216,0.9049653276744816,1.422520815457477
-0.45172215550746997,-0.2041461851812323,-0.5429830845697325,0.39516909368488545
0.9409209198693997,0.3699164718954506,-0.38992851398327466,4.479515886108288
1.0,0.23790301183808915,-0.5963310463941702,5.495384149900247
0.6366815292622923,-0.5868529297013285,-0.5556451673380709,0.12844523985359224
0.5263716731897234,0.4841731149594066,-0.7942447421615619,0.9100031350495192
0.05747756591953901,-0.819252612615142,1.0,-3.180660674581837
0.24191158861789797,-1.0,0.810913926867699,-2.8575963312591206
-0.13427760882473883,0.8162412352727739,-0.7712201531559537,1.324275121202637
-0.9755595157844383,-0.6854320382759571,1.0,11.766866946391517
-1.0,-0.8221582915311805,1.0,16.58749274928624
-0.09460707165853832,0.7597076582170457,1.0,7.484925819421392
1.0,-0.21692994887295947,-0.8891977655344874,8.01824734486957
-0.24732973522471569,-0.490367333977354,-0.7980695210987996,-1.0506182785081468
-0.6795869716446135,-0.6094921847867809,0.7519579533717362,1.8508033673040236
0.4377377645265692,0.6962218915410039,0.016522847089050385,1.6609175262694902
0.5997411817057205,-0.08525729265292514,-0.30042228301923624,1.9959309386169581
-0.06660608875359753,1.0,1.0,13.40902740548302
0.188230575456642,0.9136342049245663,0.7779482597975531,5.943237301594524
0.13867161903253677,-1.0,-0.04215179240513289,3.384577078538987
0.8058596722916351,0.4080677059176918,0.09429597950950508,2.7914952578411643
0.5077907075130661,-0.5563223465567033,0.26042775528736906,0.6210258592723226
-0.4553146461578941,-0.29096931861135067,1.0,1.3693445466006962
-0.25649760850890013,-1.0,1.0,-5.616873375923653
-0.0497735542579949,-0.27605492949028343,-0.49103162521966914,0.5298122406732458
0.5374287394917017,-0.26781137555960277,-0.15386538542606387,1.965157363147357
-1.0,-1.0,-0.7664279558746008,3.878103026664628
-0.2536583029243329,-0.6772666844772404,-0.7612362854963861,-1.2876378430364241
-1.0,0.2472842802862485,-0.2503484971760428,-3.8250507740848656
0.14996073512772634,-0.13515981266147126,0.5215412185590356,0.44174921001646494
-0.9628261388869175,0.32528800043232553,-0.28323091805895784,-3.3364550244285067
-0.5674027373229951,-1.0,0.14943296350496027,4.017706018638412
0.32248425915090495,0.4280245186929741,0.1307919485306681,1.6775368254127052
-0.44128811270632795,0.3086412623999162,1.0,2.476124039051749
-0.09849873912960216,0.44311807581995954,0.13896263761810568,0.23331593387958494
-0.32948553908304445,-0.43692233412141346,0.2870898317402366,0.3916326282207244
0.6365045910779137,0.7982248649749737,1.0,9.494939665574293
0.07193979596596867,-0.04945476940305982,0.3613063470914586,0.5223521841562024
-0.16651653299027935,-0.9435151221118152,-0.2704423339505633,2.1972816176604923
-0.9486990914552,-0.7460151993485431,0.33790656229363525,4.016501040363598
-0.20896994422597448,-0.02016108448445819,-1.0,-2.7411529484773687
0.7628447535204583,0.2053695192946492,-0.8504914641915036,1.9803899891687775
0.12364259558005664,0.09533706031379685,0.8414653665864387,-0.08995787868426577
1.0,-0.9184556289111048,0.47082689853358684,-2.1841905598896663
0.10787884397396463,-0.43728689915522767,-0.9681451360914335,-5.1462722335274265
-0.36533664227023377,0.6841762719765205,-1.0,-3.2976652596099294
-0.714035383860129,-0.3842816375684306,-1.0,1.270644635987304
-0.7012757431431282,0.9775639976969028,-0.1077303698544656,4.513420527278455
-0.4247092861116619,-0.7692564911871063,0.5363464882478135,1.5130006308606505
-1.0,0.10954783859321471,-1.0,12.437630145542443
-0.7130454932908918,-0.8743617900397476,0.4338942056836934,3.3619294511075055
-0.2393796644899271,0.7856434997656319,-1.0,-4.317294303097304
0.9993324512151998,0.842328945684196,-1.0,21.879712420792547
-0.83940581613915,-0.22706104537913618,0.892346538583001,1.6019730671182912
0.33307549031511674,-0.6394614029097585,0.5723482063094616,1.307981856955393
-1.0,0.6837570600055956,-0.1813447975532838,0.3686498814621848
-0.9060575138550169,1.0,-0.6675467360603675,6.66010346965644
-0.3166272766272642,-1.0,-0.2639051884803614,2.3486467822894257
0.293772909694884,0.7262346085060623,0.028332231201697144,1.791083573578596
0.016807450681879388,0.3048185154626575,1.0,1.8100817564998406
0.02960229327961117,0.731359384633951,-0.08466293394343016,1.0680089893295637
-1.0,-0.5922860251035273,-0.40951520829153987,-0.31562481788265684
1.0,1.0,-0.5110321673191165,20.710145660156527
0.3615090351263903,0.38738097051510567,0.025654642744641354,1.9245984027235679
-1.0,-1.0,0.6912931501279591,15.42172740536039
0.329415691969819,0.3107579167187995,-1.0,-2.633858756416054
-0.20371420761104608,-0.2444605266166917,0.23961444648702668,0.361284217239409
0.31069466468112084,-1.0,-0.8000936677415018,-8.639777136300864
0.34032403225145624,-0.04034011036894314,-0.25020971089303456,1.53206876492922
0.6949698832948656,0.03781197580423035,-1.0,-0.8237801310014098
-0.3204925394328857,-0.7441507191575447,1.0,-0.30911113605133367
0.35116191774889605,-0.04018641697608305,1.0,-0.888979646928556
-1.0,0.4668631978794846,-0.74239707532077,5.469678937154892
-0.7443306859098291,0.3597910156523767,0.882067015523696,0.048081908546639573
0.13239921465337479,0.8286131973217559,0.2668915270272012,1.543769303622226
0.027206484312282786,-0.2726378815742976,-0.3427840488824936,1.3225516456418522
0.7752652369703696,-1.0,1.0,-7.0472233658954755
0.1509500622188542,0.403529625352701,-0.005887054969833105,0.5995405646094302
0.6403541389604079,-0.43571934814427093,-1.0,-5.764856935821522
-1.0,1.0,0.2581652894730524,4.3825112895765255
-1.0,0.23585961200228844,-0.023053215567835572,-3.770477329796119
-0.6275233462784013,0.09140967575193337,0.3694622889227275,-1.6959707149073433
0.20715130841950558,-0.9074695188322457,-0.7403179348915312,-2.68312160687011
0.3489368477907393,0.5735543592335244,-0.5721349590795284,0.6852444093698082
-0.05435477636912589,0.34959721479027506,0.6963874133580858,0.0010775495305702654
-1.0,0.07884817033480696,-1.0,11.98614974367042
-1.0,-0.8869951323173473,0.03901763089670052,5.810305611260883
0.9896961463498022,0.2788096460322609,0.18930258356430918,5.675500138958403
0.3042231530819297,-0.35276561615520174,-0.2710415314313921,0.25125784727635025
1.0,1.0,0.5383989998959466,14.706087616189107
0.21725925128751844,0.1019416245983229,1.0,-0.5555745403182193
-0.5200933233268534,-0.818828743338726,-0.38496825381406796,2.0904325900167158
-0.5839973590729601,0.1388730041272772,1.0,2.0017292748120785
0.9365892070759534,-0.5294187449398733,-0.42014502444191004,2.6812668731553186
-0.04368816538653575,0.4971798624286141,0.39358981059179277,-0.026262372093556613
0.5450563869117404,-0.8730422828193389,-0.22844188997353787,0.7866934713492444
1.0,1.0,-1.0,39.15748869950938
-0.8001803064417221,0.3577653818166646,0.6162917777666672,-2.391095842318422
0.8525086926804646,-0.5619911923971344,-1.0,-5.672061122224213
0.7985383646676805,0.22727956485654688,1.0,6.399729100338231
0.08508672236931392,-0.40567069181315896,0.612301105550378,-0.5155492063402646
-1.0,-0.32299154642031147,-0.15374908011041644,-2.6138367745403324
1.0,-0.6556697116564316,0.2593218123357526,2.4458086695472057
0.5180278795112694,-0.848209149176941,-0.13542739376380553,2.0644619961560755
0.973206516033337,-0.3605922758998099,-0.3842872586018766,3.3395637158585614
0.12278752851413577,-1.0,1.0,-7.089161487250468
-0.686292902379525,0.13586764719504374,-0.14328984961718927,-0.7435363868844491
-0.6197202081069502,0.5144187711207762,-1.0,-2.020402658131382
-0.1492738164558769,-0.6138906747881838,1.0,-1.3724243741731001
0.16025349011148315,0.6317675157740221,0.4747931988577925,0.7567953916248492
-0.1139932183441632,0.39766569830537657,-0.7746243433276365,0.006463298158512543
0.4558723634659463,0.2961732051316639,0.7869132121829838,1.1737829136179347
-0.40469448389547313,0.8285588902319219,-0.45532119192463427,0.7599521175532895
-0.7519935891146452,0.5286521847016339,0.008897031275028278,-2.117628729879632
0.3241291862738771,1.0,-0.005589202162859852,9.22359677052526
-0.5139770954058083,1.0,-0.034896047464887836,6.092147562618634
0.13747659409168045,0.18561820326030132,0.8246837812229761,-0.18295907910166623
0.34543981470523066,0.4914705347243067,0.08354684345000418,0.91146312497413
-0.9557024499722631,0.4174446985730429,0.6147731744163929,-3.2737830607797727
0.2788526595977958,-0.31554466604804654,-0.7223589496671603,0.8728378006975878
-1.0,0.14974003095826216,0.897885550109125,-0.077171048056493
1.0,-0.37040866810656414,-0.12933890713616147,3.2403921726011333
-0.5028527213580394,-0.4273511074215792,0.9696616064928523,1.5455466824612234
-1.0,0.7765258986457795,-1.0,20.03976650613019
0.587500019057859,-1.0,-0.5964821066155885,-4.902792717605929
-1.0,0.8458757427874821,0.6527456656044988,-2.397773906296355
0.3354138074119579,-0.3181971390351981,-0.5770953598309576,0.9860286403424684
-1.0,1.0,0.12956616899510798,5.9593512499374395
-1.0,0.01925009743753292,1.0,3.9596570727842986
-0.04664699111898907,0.16155909071483854,-0.0009708404849968488,0.474627187034189
-1.0,0.053735015498478145,0.560991520628457,-4.399975534471412
0.241832142940422,0.894199633667121,-1.0,-0.3010752583213375
0.1205370878766816,1.0,0.0022675518803267902,7.649212844368544
-0.36431950474569263,0.3753030752790294,-0.9453419949721709,-1.9438228102225903
0.5276465202933722,-0.0009512339342345744,0.4127880039030343,1.3786235258867725
1.0,-0.7378232609652124,0.09123210719621966,1.824207888427414
-0.012725571403142677,1.0,0.08484902003639405,8.09803210685158
-1.0,-0.5423661775311728,-0.8979665354282491,2.8401361688017004
0.42493332567518904,-0.7900626813406482,0.20580481374333615,0.9069485331232559
1.0,-0.14326119044584318,0.7879668254273602,7.678247555114427
0.175782610269422,-1.0,0.6961002610826803,-1.1240314173097723
-1.0,0.875392448499354,-0.5815560871324399,8.226663463251212
-1.0,-0.5305089652688602,-0.4029096895183153,-0.8004521713237673
-0.7085346205839942,0.13856180905457904,1.0,1.920374439564968
1.0,-1.0,-0.8647261644265805,-19.816238776029238
0.4776051624720332,-0.7296949334871683,-0.3090834826960327,1.4090779395706985
-0.526325072861417,0.15891018593374473,-0.8639303597242287,-0.5435235516961955
-0.2275240798728202,-0.27039218941329657,0.8221582979023967,0.29938849531848905
0.13754004844320478,-1.0,-1.0,-18.18366158469223
1.0,0.7540478836643176,1.0,26.506911296819123
-1.0,0.4938173230081826,-0.19904143847425937,-1.8852334932860908
-0.2722543913124551,1.0,-0.1123022255529813,7.669680125432227
0.5045652177107951,0.47696223939225346,0.4503145701843254,0.8770982757810754
-1.0,1.0,0.7110795615030392,1.9240939326454636
-0.2010962661540665,0.9867802560715115,-0.23272973284789322,7.425974257306043
0.2814769641577006,-0.03870264893385422,0.4784449022013828,0.538808511752843
0.754324875260207,0.018375397515513203,0.09947514268580337,2.5845283445016647
0.54058184088031,0.8953233584801172,-0.08232756872783953,4.914037962957771
0.08450400363686694,0.574380533781963,0.21705352034728165,0.03233627013527318
1.0,-0.7666298548066124,0.03708369939258671,0.5226264455014804
-0.13218871335280946,0.17646307566027342,-0.02683317807740715,0.4903912945143541
-0.9485234618023597,-0.33960401262196327,0.42963962416581913,-1.368845473392158
0.4591300491831034,-0.5184727300357372,0.7818831292887467,-0.44502133982813086
-1.0,-1.0,-0.1754425820694343,7.172556438092288
0.03317917063836595,0.232593951163655,1.0,0.9731095496834281
0.2771164393292944,-1.0,-0.37221373941812375,0.05623003613070532
